model,estimate,t.ratio,N,N_less_01,N_less_05
bart,0.00155692483681196,0.302866709553913,1000,1,28
chatgpt,0.00863550662769893,1.43484409673733,1000,19,157
gemma,0.0377400554697678,6.32553783528759,1000,1000,1000
llama3,0.00153566327297072,0.250860879400615,1000,0,0
t5,-0.00654034957040398,-1.11901647829166,1000,20,105
