model,estimate,z.ratio,p.value,signif
bart,0.00165102131313321,0.442964448491287,0.657791449709578, 
chatgpt,0.00587306738380286,1.57572772315284,0.115088565511787, 
gemma,0.0328751615459727,8.82031484841822,1.14138330293674e-18,***
llama3,0.00106396528457963,0.285458940928882,0.775292556672695, 
t5,-0.00535334332371002,-1.43628719636161,0.1509206358225, 
