model,estimate,t.ratio,p.value,signif
bart,0.00131575998845781,0.242197097430134,0.808629921658567, 
chatgpt,0.00856905753185004,1.70245568246693,0.0886854832849219,.
gemma,0.0377655576251804,8.34140799893224,7.81034534307116e-17,***
llama3,0.00160158984245498,0.35868950147555,0.719831160486654, 
t5,-0.00650202694580689,-0.873839229020611,0.382216281547188, 
