model,estimate,t.ratio,p.value,signif
bart,0.00131575998845984,0.449397126904591,0.65317128628762, 
chatgpt,0.00856905753185224,1.97694213873685,0.048121622853583,*
gemma,0.037765557625181,9.27046799892008,3.05059596450764e-20,***
llama3,0.00160158984245669,0.410557569811224,0.681420538083542, 
t5,-0.00650202694580712,-1.01249034791707,0.311369261221483, 
