model,estimate,t.ratio,p.value,signif
bart,0.0013157599883366,0.276763801912104,0.781964534953756, 
chatgpt,0.00856905753185117,1.80246014648683,0.0714891261697276,.
gemma,0.0377655576251842,7.94380388697673,2.07110065983116e-15,***
llama3,0.00160158984244964,0.336886740613346,0.736206059715876, 
t5,-0.0065020269458062,-1.36767017815405,0.17143176588341, 
