model,estimate,z.ratio,p.value,signif
bart,0.00131575998846012,0.198143105535018,0.842933100015908, 
chatgpt,0.0085690575318507,1.45295140712227,0.146237246267948, 
gemma,0.037765557625181,8.2511368516158,1.56894756415944e-16,***
llama3,0.00160158984245523,0.294918831303362,0.768055886118019, 
t5,-0.00650202694580637,-0.80511677059412,0.420752298966209, 
