model,estimate,t.ratio,N,N_less_01,N_less_05
bart,-0.00375992070886861,-5.96845569109462,1000,999,1000
chatgpt,-0.000568858857558918,-0.920594234231167,1000,2,47
gemma,0.00334434123665951,5.35114521252088,1000,1000,1000
llama3,-0.000255298951134237,-0.406815843257299,1000,0,0
t5,-0.00268585166617761,-4.28698791997901,1000,988,1000
