model,estimate,t.ratio,p.value,signif
bart,-0.00374378586615276,-10.3805259548259,6.61335339361931e-25,***
chatgpt,-0.000569140851602803,-1.01359306678515,0.310842639679883, 
gemma,0.00332630974417044,7.02723907031541,2.49286338063844e-12,***
llama3,-0.000253100959475011,-0.580056889295857,0.561911253290351, 
t5,-0.00268925238058695,-4.48597450130227,7.47661917196878e-06,***
