model,estimate,t.ratio,p.value,signif
bart,-0.00374378586610781,-7.50764077098103,6.2901563406069e-14,***
chatgpt,-0.000569140851606179,-1.14133265490199,0.253746125702272, 
gemma,0.00332630974416593,6.67045059341873,2.6215281372296e-11,***
llama3,-0.000253100959481287,-0.507558698743534,0.611768844074293, 
t5,-0.00268925238058523,-5.39292083949494,7.01623558182905e-08,***
