model,estimate,z.ratio,p.value,signif
bart,-0.00374378586615296,-4.90499198385968,9.3431154909693e-07,***
chatgpt,-0.000569140851602593,-0.849256287921254,0.395738698362076, 
gemma,0.00332630974417037,6.16139760915887,7.21056877659018e-10,***
llama3,-0.000253100959475195,-0.461028102441401,0.644778443133083, 
t5,-0.00268925238058681,-3.58881804783958,0.000332180571284354,***
