model,estimate,t.ratio,p.value,signif
bart,-0.00374378586615197,-5.59411985367293,2.24638674515032e-08,***
chatgpt,-0.000569140851602571,-0.915949073439877,0.359704624517376, 
gemma,0.00332630974417064,6.53470128179553,6.52693060148659e-11,***
llama3,-0.000253100959475158,-0.524852950412334,0.599691222993815, 
t5,-0.00268925238058672,-3.84296641815591,0.00012193095225654,***
