model,estimate,z.ratio,p.value,signif
bart,-0.00350988875169639,-8.83749274860818,9.78905927015497e-19,***
chatgpt,-0.000164823140921484,-0.415005550245271,0.678137840060692, 
gemma,0.0027794473508837,6.99832602862928,2.59038747609422e-12,***
llama3,-0.000131342721766725,-0.330705738361564,0.740866767393297, 
t5,-0.00292522152917124,-7.36536850053916,1.7665819020157e-13,***
