model,Coef,Estimate,Std. Error,t value,Pr(>|t|),Signif
regard,(Intercept),0.945879628308107,0.00079976352444025,1182.699134685,0,***
regard,gendermale,-6.94590048467222e-05,5.96044440377411e-05,-1.16533265208784,0.244701261370525, 
regard,gender_directionmf,0.000741321334749599,0.00103177316837503,0.718492549982788,0.472947090226861, 
siebert,(Intercept),0.155017355841578,0.00530335595900411,29.230049244269,7.5586284065316e-95,***
siebert,gendermale,-9.61910975648799e-05,0.000304039565073747,-0.316376908188077,0.751910587653348, 
siebert,gender_directionmf,0.0024479378489001,0.00684378969257356,0.357687474171868,0.720799146038975, 
distilbert,(Intercept),0.777689063484638,0.00284090846630065,273.746610533117,0,***
distilbert,gendermale,-0.0111260887522884,0.000143628825914448,-77.4641767169744,4.32397522369024e-218,***
distilbert,gender_directionmf,0.00442650306650152,0.00366642505355144,1.20730766396379,0.228152894616341, 
