t_test_p,mcnemar_p,corr,corr_p,diff,effsize,magnitude,col,t_signif,mcnemar_signif,corr_signif,metric
0.245,,0.993128454538551,1.11253693190069e-308,6.94590048455423e-05,0.0631060281488263,negligible,negative, ,"",***,regard
0.752,,0.995916714255647,0,-9.61910975645763e-05,-0.0171326955735678,negligible,negative, ,"",***,siebert
1.87e-217,,0.997332825776506,0,0.0111260887522914,4.19490221229212,large,negative,***,"",***,distilbert
