t_test_p,mcnemar_p,corr,corr_p,diff,effsize,magnitude,col,t_signif,mcnemar_signif,corr_signif,metric
0.414,,0.977923100952937,0,9.27396680246778e-05,0.00956667306493028,negligible,negative, ,"",***,regard
0.632,1,0.99652284458769,0,-0.00016718962304848,-0.00560844904500278,negligible,negative, , ,***,siebert
0,6.16108173652061e-23,0.997430600365993,0,0.0111049035616543,0.808956666715251,large,negative,***,***,***,distilbert
