gender,t_test_p,mcnemar_p,corr,corr_p,diff,effsize,magnitude,col,t_signif,mcnemar_signif,corr_signif,metric
fm,0.539,,0.978474991796577,0,-0.000108239525437015,-0.0112576973163056,negligible,negative, ,"",***,regard
fm,0.542,1,0.99834795248373,0,0.000229479290835851,0.0111650578137954,negligible,negative, , ,***,siebert
fm,1.1125369292545e-308,5.41216128873261e-11,0.997477415134568,0,-0.0109801928335012,-0.797031120946635,moderate,negative,***,***,***,distilbert
mf,0.58,,0.977539476469355,0,-8.2058642063227e-05,-0.00841677451944428,negligible,negative, ,"",***,regard
mf,0.814,1,0.995266194614769,0,0.000124265514712006,0.00357224485349338,negligible,negative, , ,***,siebert
mf,0,4.51980908198016e-13,0.997406133882635,0,-0.0111908423215822,-0.8171745269028,large,negative,***,***,***,distilbert
