gender,t_test_p,mcnemar_p,corr,corr_p,diff,effsize,magnitude,col,t_signif,mcnemar_signif,corr_signif,metric
fm,0.356,,0.995175867361619,5.33918431534338e-137,-7.82182623023716e-05,-0.079477604409074,negligible,negative, ,"",***,regard
fm,0.458,,0.997732436741543,6.26656986811456e-159,0.000266330255235785,0.0638720709035001,negligible,negative, ,"",***,siebert
fm,3.83e-83,,0.996771485018686,1.15917665549598e-148,-0.0109761931464595,-3.85794030017988,large,negative,***,"",***,distilbert
mf,0.44,,0.991425914409904,1.65950473039183e-180,-6.36194998743228e-05,-0.0541779988830671,negligible,negative, ,"",***,regard
mf,0.969,,0.994791103062924,2.70355087056097e-202,-1.72350075495626e-05,-0.00269015418232656,negligible,negative, ,"",***,siebert
mf,3.98e-136,,0.997690847212611,6.48331171116471e-238,-0.0112260191561793,-4.45865813972251,large,negative,***,"",***,distilbert
